path,class,owner,source_of_truth,runbook,run_command,dependencies,notes
runtime/launchpad/server.py,runtime,core-runtime,runtime/launchpad/server.py,docs/runbooks/runtime-synthetic.md,python3 runtime/launchpad/server.py,See docs/runbooks/runtime-synthetic.md,
runtime/synthetic/backfill_synthetic_backtest.py,runtime,core-runtime,runtime/synthetic/backfill_synthetic_backtest.py,docs/runbooks/runtime-synthetic.md,python3 runtime/synthetic/backfill_synthetic_backtest.py,See docs/runbooks/runtime-synthetic.md,
runtime/synthetic/backfill_v2/__init__.py,runtime,core-runtime,runtime/synthetic/backfill_v2/__init__.py,docs/runbooks/runtime-synthetic.md,,See docs/runbooks/runtime-synthetic.md,
runtime/synthetic/backfill_v2/fast_db.py,runtime,core-runtime,runtime/synthetic/backfill_v2/fast_db.py,docs/runbooks/runtime-synthetic.md,python3 runtime/synthetic/backfill_v2/fast_db.py,See docs/runbooks/runtime-synthetic.md,
runtime/synthetic/backfill_v2/runner.py,runtime,core-runtime,runtime/synthetic/backfill_v2/runner.py,docs/runbooks/runtime-synthetic.md,python3 runtime/synthetic/backfill_v2/runner.py,See docs/runbooks/runtime-synthetic.md,
runtime/synthetic/engine.py,runtime,core-runtime,runtime/synthetic/engine.py,docs/runbooks/runtime-synthetic.md,python3 runtime/synthetic/engine.py --pairs BTC-USD ETH-USD,indicators.indicator_values; indicators.ohlcv_1m/5m/15m; indicators.order_book_indicators; indicators.oi_features,
runtime/synthetic/run_all_signal_producers.py,runtime,core-runtime,runtime/synthetic/run_all_signal_producers.py,docs/runbooks/runtime-synthetic.md,python3 runtime/synthetic/run_all_signal_producers.py,indicators.indicator_values; indicators.ohlcv_1m/5m/15m; indicators.order_book_indicators; indicators.oi_features,
runtime/synthetic/t0_cvd_price_divergence_velocity.py,runtime,core-runtime,runtime/synthetic/t0_cvd_price_divergence_velocity.py,docs/runbooks/runtime-synthetic.md,python3 runtime/synthetic/t0_cvd_price_divergence_velocity.py,See docs/runbooks/runtime-synthetic.md,
runtime/synthetic/t0_mtf_signed_efficiency_ratio.py,runtime,core-runtime,runtime/synthetic/t0_mtf_signed_efficiency_ratio.py,docs/runbooks/runtime-synthetic.md,python3 runtime/synthetic/t0_mtf_signed_efficiency_ratio.py,See docs/runbooks/runtime-synthetic.md,
runtime/synthetic/t0_rsi_velocity_5m.py,runtime,core-runtime,runtime/synthetic/t0_rsi_velocity_5m.py,docs/runbooks/runtime-synthetic.md,python3 runtime/synthetic/t0_rsi_velocity_5m.py,See docs/runbooks/runtime-synthetic.md,
runtime/synthetic/t1_atr_normalized_reversal_pressure.py,runtime,core-runtime,runtime/synthetic/t1_atr_normalized_reversal_pressure.py,docs/runbooks/runtime-synthetic.md,python3 runtime/synthetic/t1_atr_normalized_reversal_pressure.py,See docs/runbooks/runtime-synthetic.md,
runtime/synthetic/t1_early_momentum_divergence_score.py,runtime,core-runtime,runtime/synthetic/t1_early_momentum_divergence_score.py,docs/runbooks/runtime-synthetic.md,python3 runtime/synthetic/t1_early_momentum_divergence_score.py,See docs/runbooks/runtime-synthetic.md,
runtime/synthetic/t1_multitimeframe_trend_confluence.py,runtime,core-runtime,runtime/synthetic/t1_multitimeframe_trend_confluence.py,docs/runbooks/runtime-synthetic.md,python3 runtime/synthetic/t1_multitimeframe_trend_confluence.py,See docs/runbooks/runtime-synthetic.md,
runtime/synthetic/t1_rsi_volatility_normalized_velocity.py,runtime,core-runtime,runtime/synthetic/t1_rsi_volatility_normalized_velocity.py,docs/runbooks/runtime-synthetic.md,python3 runtime/synthetic/t1_rsi_volatility_normalized_velocity.py,See docs/runbooks/runtime-synthetic.md,
runtime/synthetic/t1_window_edge_57to01_nonrolling.py,runtime,core-runtime,runtime/synthetic/t1_window_edge_57to01_nonrolling.py,docs/runbooks/runtime-synthetic.md,python3 runtime/synthetic/t1_window_edge_57to01_nonrolling.py,See docs/runbooks/runtime-synthetic.md,
runtime/synthetic/t2_early_impulse_liquidity_alignment_2m.py,runtime,core-runtime,runtime/synthetic/t2_early_impulse_liquidity_alignment_2m.py,docs/runbooks/runtime-synthetic.md,python3 runtime/synthetic/t2_early_impulse_liquidity_alignment_2m.py,See docs/runbooks/runtime-synthetic.md,
runtime/synthetic/t2_oi_funding_impulse_confirmation_2m.py,runtime,core-runtime,runtime/synthetic/t2_oi_funding_impulse_confirmation_2m.py,docs/runbooks/runtime-synthetic.md,python3 runtime/synthetic/t2_oi_funding_impulse_confirmation_2m.py,See docs/runbooks/runtime-synthetic.md,
runtime/synthetic/t2_order_flow_acceleration_regime.py,runtime,core-runtime,runtime/synthetic/t2_order_flow_acceleration_regime.py,docs/runbooks/runtime-synthetic.md,python3 runtime/synthetic/t2_order_flow_acceleration_regime.py,See docs/runbooks/runtime-synthetic.md,
runtime/synthetic/window/t2_window_down_signal.py,runtime,core-runtime,runtime/synthetic/window/t2_window_down_signal.py,docs/runbooks/runtime-synthetic.md,python3 runtime/synthetic/window/t2_window_down_signal.py,indicators.ohlcv_1m,
runtime/synthetic/window/t2_window_up_signal.py,runtime,core-runtime,runtime/synthetic/window/t2_window_up_signal.py,docs/runbooks/runtime-synthetic.md,python3 runtime/synthetic/window/t2_window_up_signal.py,indicators.ohlcv_1m,
scripts/backfill_raw_trades_from_coinbase.py,ops,ops-reliability,scripts/backfill_raw_trades_from_coinbase.py,docs/runbooks/indicator-pipeline-recovery.md,python3 scripts/backfill_raw_trades_from_coinbase.py,public.raw_trades; indicators.aggregate_ohlcv_1m(); indicators.fn_backfill_ohlcv(...),
scripts/btc_1h_baseline/train_btc_1h_base_model.py,research,quant-research,scripts/btc_1h_baseline/train_btc_1h_base_model.py,docs/research/research-catalog.md,python3 scripts/btc_1h_baseline/train_btc_1h_base_model.py,Read-only analytics on indicators/training schemas,
scripts/codex_signals_playground/dashboard_core.py,research,quant-research,scripts/codex_signals_playground/dashboard_core.py,docs/research/research-catalog.md,python3 scripts/codex_signals_playground/dashboard_core.py,Read-only analytics on indicators/training schemas,
scripts/codex_signals_playground/run_realtime_dashboard.py,research,quant-research,scripts/codex_signals_playground/run_realtime_dashboard.py,docs/research/research-catalog.md,python3 scripts/codex_signals_playground/run_realtime_dashboard.py,Read-only analytics on indicators/training schemas,
scripts/compare_training_vs_indicators_15m.py,research,quant-research,scripts/compare_training_vs_indicators_15m.py,docs/research/research-catalog.md,python3 scripts/compare_training_vs_indicators_15m.py,Read-only analytics on indicators/training schemas,
scripts/eth_snapshot/generate_response_json.py,research,quant-research,scripts/eth_snapshot/generate_response_json.py,docs/research/research-catalog.md,python3 scripts/eth_snapshot/generate_response_json.py,Read-only analytics on indicators/training schemas,
scripts/export_missing_ohlcv_1m_minutes.py,ops,ops-reliability,scripts/export_missing_ohlcv_1m_minutes.py,docs/runbooks/indicator-pipeline-recovery.md,python3 scripts/export_missing_ohlcv_1m_minutes.py,See docs/runbooks/indicator-pipeline-recovery.md,
scripts/generate_schema_reference_docs.py,research,quant-research,scripts/generate_schema_reference_docs.py,docs/research/research-catalog.md,python3 scripts/generate_schema_reference_docs.py,Read-only analytics on indicators/training schemas,
scripts/healthcheck_all.py,ops,ops-reliability,scripts/healthcheck_all.py,docs/runbooks/indicator-pipeline-recovery.md,python3 scripts/healthcheck_all.py,See docs/runbooks/indicator-pipeline-recovery.md,
scripts/indicator_sigma_sweeps/run_two_indicator_sweeps.py,research,quant-research,scripts/indicator_sigma_sweeps/run_two_indicator_sweeps.py,docs/research/research-catalog.md,python3 scripts/indicator_sigma_sweeps/run_two_indicator_sweeps.py,Read-only analytics on indicators/training schemas,
scripts/ops/check_postgrest_required_schemas.py,ops,ops-reliability,scripts/ops/check_postgrest_required_schemas.py,docs/runbooks/indicator-pipeline-recovery.md,python3 scripts/ops/check_postgrest_required_schemas.py,See docs/runbooks/indicator-pipeline-recovery.md,
scripts/ops/recovery_snapshot.py,ops,ops-reliability,scripts/ops/recovery_snapshot.py,docs/runbooks/indicator-pipeline-recovery.md,python3 scripts/ops/recovery_snapshot.py,See docs/runbooks/indicator-pipeline-recovery.md,
scripts/ops_snapshot_ohlcv_state.py,ops,ops-reliability,scripts/ops_snapshot_ohlcv_state.py,docs/runbooks/indicator-pipeline-recovery.md,python3 scripts/ops_snapshot_ohlcv_state.py,See docs/runbooks/indicator-pipeline-recovery.md,
scripts/report_missing_ohlcv_lookback_7d.py,ops,ops-reliability,scripts/report_missing_ohlcv_lookback_7d.py,docs/runbooks/indicator-pipeline-recovery.md,python3 scripts/report_missing_ohlcv_lookback_7d.py,See docs/runbooks/indicator-pipeline-recovery.md,
scripts/scripts_past/audit_rollup_alignment.py,archive,archive-maintainer,scripts/scripts_past/audit_rollup_alignment.py,docs/architecture/repo-script-classification.md,python3 scripts/scripts_past/audit_rollup_alignment.py,Legacy scripts; do not execute in production,Phase 1 retained for reference only
scripts/scripts_past/backfill_labels.py,archive,archive-maintainer,scripts/scripts_past/backfill_labels.py,docs/architecture/repo-script-classification.md,python3 scripts/scripts_past/backfill_labels.py,Legacy scripts; do not execute in production,Phase 1 retained for reference only
scripts/scripts_past/backfill_rollups_missing_only.py,archive,archive-maintainer,scripts/scripts_past/backfill_rollups_missing_only.py,docs/architecture/repo-script-classification.md,python3 scripts/scripts_past/backfill_rollups_missing_only.py,Legacy scripts; do not execute in production,Phase 1 retained for reference only
scripts/scripts_past/check_success_criteria.py,archive,archive-maintainer,scripts/scripts_past/check_success_criteria.py,docs/architecture/repo-script-classification.md,python3 scripts/scripts_past/check_success_criteria.py,Legacy scripts; do not execute in production,Phase 1 retained for reference only
scripts/scripts_past/export_predictions.py,archive,archive-maintainer,scripts/scripts_past/export_predictions.py,docs/architecture/repo-script-classification.md,python3 scripts/scripts_past/export_predictions.py,Legacy scripts; do not execute in production,Phase 1 retained for reference only
scripts/scripts_past/migrate.py,archive,archive-maintainer,scripts/scripts_past/migrate.py,docs/architecture/repo-script-classification.md,python3 scripts/scripts_past/migrate.py,Legacy scripts; do not execute in production,Phase 1 retained for reference only
scripts/scripts_past/resolve_predictions.py,archive,archive-maintainer,scripts/scripts_past/resolve_predictions.py,docs/architecture/repo-script-classification.md,python3 scripts/scripts_past/resolve_predictions.py,Legacy scripts; do not execute in production,Phase 1 retained for reference only
scripts/scripts_past/run_open_interest.py,archive,archive-maintainer,scripts/scripts_past/run_open_interest.py,docs/architecture/repo-script-classification.md,python3 scripts/scripts_past/run_open_interest.py,Legacy scripts; do not execute in production,Phase 1 retained for reference only
scripts/scripts_past/run_tick.py,archive,archive-maintainer,scripts/scripts_past/run_tick.py,docs/architecture/repo-script-classification.md,python3 scripts/scripts_past/run_tick.py,Legacy scripts; do not execute in production,Phase 1 retained for reference only
scripts/scripts_past/train_models.py,archive,archive-maintainer,scripts/scripts_past/train_models.py,docs/architecture/repo-script-classification.md,python3 scripts/scripts_past/train_models.py,Legacy scripts; do not execute in production,Phase 1 retained for reference only
scripts/scripts_past/update_performance_log.py,archive,archive-maintainer,scripts/scripts_past/update_performance_log.py,docs/architecture/repo-script-classification.md,python3 scripts/scripts_past/update_performance_log.py,Legacy scripts; do not execute in production,Phase 1 retained for reference only
scripts/synthetic_indicators/analyze_revision2_synthetics.py,ops,ops-reliability,scripts/synthetic_indicators/analyze_revision2_synthetics.py,docs/runbooks/indicator-pipeline-recovery.md,python3 scripts/synthetic_indicators/analyze_revision2_synthetics.py,See docs/runbooks/indicator-pipeline-recovery.md,
scripts/synthetic_indicators/analyze_revision3_synthetics.py,ops,ops-reliability,scripts/synthetic_indicators/analyze_revision3_synthetics.py,docs/runbooks/indicator-pipeline-recovery.md,python3 scripts/synthetic_indicators/analyze_revision3_synthetics.py,See docs/runbooks/indicator-pipeline-recovery.md,
scripts/synthetic_indicators/analyze_synthetic_vs_15m_outcome.py,ops,ops-reliability,scripts/synthetic_indicators/analyze_synthetic_vs_15m_outcome.py,docs/runbooks/indicator-pipeline-recovery.md,python3 scripts/synthetic_indicators/analyze_synthetic_vs_15m_outcome.py,See docs/runbooks/indicator-pipeline-recovery.md,
scripts/synthetic_indicators/analyze_two_synthetic_candidates_full.py,ops,ops-reliability,scripts/synthetic_indicators/analyze_two_synthetic_candidates_full.py,docs/runbooks/indicator-pipeline-recovery.md,python3 scripts/synthetic_indicators/analyze_two_synthetic_candidates_full.py,See docs/runbooks/indicator-pipeline-recovery.md,
scripts/synthetic_indicators/backfill_signal_runtime_audit.py,ops,ops-reliability,scripts/synthetic_indicators/backfill_signal_runtime_audit.py,docs/runbooks/indicator-pipeline-recovery.md,python3 scripts/synthetic_indicators/backfill_signal_runtime_audit.py,See docs/runbooks/indicator-pipeline-recovery.md,
scripts/synthetic_indicators/debug_snapshot_pipeline_state.py,ops,ops-reliability,scripts/synthetic_indicators/debug_snapshot_pipeline_state.py,docs/runbooks/indicator-pipeline-recovery.md,python3 scripts/synthetic_indicators/debug_snapshot_pipeline_state.py,See docs/runbooks/indicator-pipeline-recovery.md,
scripts/synthetic_indicators/evaluate_syn_new_candidates.py,ops,ops-reliability,scripts/synthetic_indicators/evaluate_syn_new_candidates.py,docs/runbooks/indicator-pipeline-recovery.md,python3 scripts/synthetic_indicators/evaluate_syn_new_candidates.py,See docs/runbooks/indicator-pipeline-recovery.md,
scripts/synthetic_indicators/evaluate_synthetic_rules_hardcoded.py,ops,ops-reliability,scripts/synthetic_indicators/evaluate_synthetic_rules_hardcoded.py,docs/runbooks/indicator-pipeline-recovery.md,python3 scripts/synthetic_indicators/evaluate_synthetic_rules_hardcoded.py,See docs/runbooks/indicator-pipeline-recovery.md,
scripts/synthetic_indicators/fix_missing_ohlcv_from_coinbase_candles.py,ops,ops-reliability,scripts/synthetic_indicators/fix_missing_ohlcv_from_coinbase_candles.py,docs/runbooks/indicator-pipeline-recovery.md,python3 scripts/synthetic_indicators/fix_missing_ohlcv_from_coinbase_candles.py,See docs/runbooks/indicator-pipeline-recovery.md,
scripts/synthetic_indicators/recover_realtime_gap.py,ops,ops-reliability,scripts/synthetic_indicators/recover_realtime_gap.py,docs/runbooks/indicator-pipeline-recovery.md,python3 scripts/synthetic_indicators/recover_realtime_gap.py,See docs/runbooks/indicator-pipeline-recovery.md,
scripts/synthetic_indicators/repair_ohlcv_gaps_from_coinbase.py,ops,ops-reliability,scripts/synthetic_indicators/repair_ohlcv_gaps_from_coinbase.py,docs/runbooks/indicator-pipeline-recovery.md,python3 scripts/synthetic_indicators/repair_ohlcv_gaps_from_coinbase.py,See docs/runbooks/indicator-pipeline-recovery.md,
scripts/synthetic_indicators/repair_ohlcv_missing_buckets.py,ops,ops-reliability,scripts/synthetic_indicators/repair_ohlcv_missing_buckets.py,docs/runbooks/indicator-pipeline-recovery.md,python3 scripts/synthetic_indicators/repair_ohlcv_missing_buckets.py,See docs/runbooks/indicator-pipeline-recovery.md,
scripts/synthetic_indicators/research/build_canonical_signal_dataset.py,research,quant-research,scripts/synthetic_indicators/research/build_canonical_signal_dataset.py,docs/research/research-catalog.md,python3 scripts/synthetic_indicators/research/build_canonical_signal_dataset.py,Read-only analytics on indicators/training schemas,
scripts/synthetic_indicators/research/common.py,research,quant-research,scripts/synthetic_indicators/research/common.py,docs/research/research-catalog.md,python3 scripts/synthetic_indicators/research/common.py,Read-only analytics on indicators/training schemas,
scripts/synthetic_indicators/research/leakage_tests.py,research,quant-research,scripts/synthetic_indicators/research/leakage_tests.py,docs/research/research-catalog.md,python3 scripts/synthetic_indicators/research/leakage_tests.py,Read-only analytics on indicators/training schemas,
scripts/synthetic_indicators/research/metrics.py,research,quant-research,scripts/synthetic_indicators/research/metrics.py,docs/research/research-catalog.md,python3 scripts/synthetic_indicators/research/metrics.py,Read-only analytics on indicators/training schemas,
scripts/synthetic_indicators/research/regime_decomposition.py,research,quant-research,scripts/synthetic_indicators/research/regime_decomposition.py,docs/research/research-catalog.md,python3 scripts/synthetic_indicators/research/regime_decomposition.py,Read-only analytics on indicators/training schemas,
scripts/synthetic_indicators/research/rolling_walkforward.py,research,quant-research,scripts/synthetic_indicators/research/rolling_walkforward.py,docs/research/research-catalog.md,python3 scripts/synthetic_indicators/research/rolling_walkforward.py,Read-only analytics on indicators/training schemas,
scripts/synthetic_indicators/research/support_decay.py,research,quant-research,scripts/synthetic_indicators/research/support_decay.py,docs/research/research-catalog.md,python3 scripts/synthetic_indicators/research/support_decay.py,Read-only analytics on indicators/training schemas,
scripts/synthetic_indicators/run_codex_signals.py,ops,ops-reliability,scripts/synthetic_indicators/run_codex_signals.py,docs/runbooks/indicator-pipeline-recovery.md,python3 scripts/synthetic_indicators/run_codex_signals.py,See docs/runbooks/indicator-pipeline-recovery.md,
scripts/synthetic_indicators/run_signal_integrity_pipeline.py,ops,ops-reliability,scripts/synthetic_indicators/run_signal_integrity_pipeline.py,docs/runbooks/indicator-pipeline-recovery.md,python3 scripts/synthetic_indicators/run_signal_integrity_pipeline.py,See docs/runbooks/indicator-pipeline-recovery.md,
scripts/synthetic_indicators/run_synthetic_pipeline.py,ops,ops-reliability,scripts/synthetic_indicators/run_synthetic_pipeline.py,docs/runbooks/indicator-pipeline-recovery.md,python3 scripts/synthetic_indicators/run_synthetic_pipeline.py,See docs/runbooks/indicator-pipeline-recovery.md,
scripts/synthetic_indicators/verify_realtime_signal_pipeline.py,ops,ops-reliability,scripts/synthetic_indicators/verify_realtime_signal_pipeline.py,docs/runbooks/indicator-pipeline-recovery.md,python3 scripts/synthetic_indicators/verify_realtime_signal_pipeline.py,See docs/runbooks/indicator-pipeline-recovery.md,
scripts/synthetic_indicators/verify_realtime_stability_gate.py,ops,ops-reliability,scripts/synthetic_indicators/verify_realtime_stability_gate.py,docs/runbooks/indicator-pipeline-recovery.md,python3 scripts/synthetic_indicators/verify_realtime_stability_gate.py,See docs/runbooks/indicator-pipeline-recovery.md,
scripts/training_schema_review/__init__.py,research,quant-research,scripts/training_schema_review/__init__.py,docs/research/research-catalog.md,,Read-only analytics on indicators/training schemas,
scripts/training_schema_review/context.py,research,quant-research,scripts/training_schema_review/context.py,docs/research/research-catalog.md,python3 scripts/training_schema_review/context.py,Read-only analytics on indicators/training schemas,
scripts/training_schema_review/db.py,research,quant-research,scripts/training_schema_review/db.py,docs/research/research-catalog.md,python3 scripts/training_schema_review/db.py,Read-only analytics on indicators/training schemas,
scripts/training_schema_review/generate_training_ready_md.py,research,quant-research,scripts/training_schema_review/generate_training_ready_md.py,docs/research/research-catalog.md,python3 scripts/training_schema_review/generate_training_ready_md.py,Read-only analytics on indicators/training schemas,
scripts/training_schema_review/io_utils.py,research,quant-research,scripts/training_schema_review/io_utils.py,docs/research/research-catalog.md,python3 scripts/training_schema_review/io_utils.py,Read-only analytics on indicators/training schemas,
scripts/training_schema_review/logging_utils.py,research,quant-research,scripts/training_schema_review/logging_utils.py,docs/research/research-catalog.md,python3 scripts/training_schema_review/logging_utils.py,Read-only analytics on indicators/training schemas,
scripts/training_schema_review/queries.py,research,quant-research,scripts/training_schema_review/queries.py,docs/research/research-catalog.md,python3 scripts/training_schema_review/queries.py,Read-only analytics on indicators/training schemas,
scripts/training_schema_review/run_all.py,research,quant-research,scripts/training_schema_review/run_all.py,docs/research/research-catalog.md,python3 scripts/training_schema_review/run_all.py,Read-only analytics on indicators/training schemas,
scripts/training_schema_review/sections/__init__.py,research,quant-research,scripts/training_schema_review/sections/__init__.py,docs/research/research-catalog.md,,Read-only analytics on indicators/training schemas,
scripts/training_schema_review/sections/alignment_with_indicators.py,research,quant-research,scripts/training_schema_review/sections/alignment_with_indicators.py,docs/research/research-catalog.md,python3 scripts/training_schema_review/sections/alignment_with_indicators.py,Read-only analytics on indicators/training schemas,
scripts/training_schema_review/sections/ambiguities.py,research,quant-research,scripts/training_schema_review/sections/ambiguities.py,docs/research/research-catalog.md,python3 scripts/training_schema_review/sections/ambiguities.py,Read-only analytics on indicators/training schemas,
scripts/training_schema_review/sections/candles.py,research,quant-research,scripts/training_schema_review/sections/candles.py,docs/research/research-catalog.md,python3 scripts/training_schema_review/sections/candles.py,Read-only analytics on indicators/training schemas,
scripts/training_schema_review/sections/indicators.py,research,quant-research,scripts/training_schema_review/sections/indicators.py,docs/research/research-catalog.md,python3 scripts/training_schema_review/sections/indicators.py,Read-only analytics on indicators/training schemas,
scripts/training_schema_review/sections/inventory.py,research,quant-research,scripts/training_schema_review/sections/inventory.py,docs/research/research-catalog.md,python3 scripts/training_schema_review/sections/inventory.py,Read-only analytics on indicators/training schemas,
scripts/training_schema_review/time_utils.py,research,quant-research,scripts/training_schema_review/time_utils.py,docs/research/research-catalog.md,python3 scripts/training_schema_review/time_utils.py,Read-only analytics on indicators/training schemas,
scripts/window_edge/analyze_57open_to_01close_vs_00to14.py,research,quant-research,scripts/window_edge/analyze_57open_to_01close_vs_00to14.py,docs/research/research-catalog.md,python3 scripts/window_edge/analyze_57open_to_01close_vs_00to14.py,Read-only analytics on indicators/training schemas,
scripts/window_edge/backtest_btc_1m5m_lastN_hours.py,research,quant-research,scripts/window_edge/backtest_btc_1m5m_lastN_hours.py,docs/research/research-catalog.md,python3 scripts/window_edge/backtest_btc_1m5m_lastN_hours.py,Read-only analytics on indicators/training schemas,
scripts/window_edge/backtest_btc_last48h_nonrolling_vs_rolling.py,research,quant-research,scripts/window_edge/backtest_btc_last48h_nonrolling_vs_rolling.py,docs/research/research-catalog.md,python3 scripts/window_edge/backtest_btc_last48h_nonrolling_vs_rolling.py,Read-only analytics on indicators/training schemas,
scripts/window_edge/backtest_eth_last48h_nonrolling_vs_rolling.py,research,quant-research,scripts/window_edge/backtest_eth_last48h_nonrolling_vs_rolling.py,docs/research/research-catalog.md,python3 scripts/window_edge/backtest_eth_last48h_nonrolling_vs_rolling.py,Read-only analytics on indicators/training schemas,
scripts/window_edge/mine_eth_indicator_law_from_fired_events.py,research,quant-research,scripts/window_edge/mine_eth_indicator_law_from_fired_events.py,docs/research/research-catalog.md,python3 scripts/window_edge/mine_eth_indicator_law_from_fired_events.py,Read-only analytics on indicators/training schemas,
scripts/window_edge/rolling_21d_sigma_eval_training.py,research,quant-research,scripts/window_edge/rolling_21d_sigma_eval_training.py,docs/research/research-catalog.md,python3 scripts/window_edge/rolling_21d_sigma_eval_training.py,Read-only analytics on indicators/training schemas,
scripts/window_edge/run_boundary_return_experiments.py,research,quant-research,scripts/window_edge/run_boundary_return_experiments.py,docs/research/research-catalog.md,python3 scripts/window_edge/run_boundary_return_experiments.py,Read-only analytics on indicators/training schemas,
scripts/window_edge/simulate_indicators_last2w_57to01_filters.py,research,quant-research,scripts/window_edge/simulate_indicators_last2w_57to01_filters.py,docs/research/research-catalog.md,python3 scripts/window_edge/simulate_indicators_last2w_57to01_filters.py,Read-only analytics on indicators/training schemas,
scripts/window_edge/window_down_signal.py,research,quant-research,scripts/window_edge/window_down_signal.py,docs/research/research-catalog.md,python3 scripts/window_edge/window_down_signal.py,Read-only analytics on indicators/training schemas,
scripts/window_edge/window_edge_signal.py,research,quant-research,scripts/window_edge/window_edge_signal.py,docs/research/research-catalog.md,python3 scripts/window_edge/window_edge_signal.py,Read-only analytics on indicators/training schemas,
scripts/window_edge/window_edge_signal_rolling.py,research,quant-research,scripts/window_edge/window_edge_signal_rolling.py,docs/research/research-catalog.md,python3 scripts/window_edge/window_edge_signal_rolling.py,Read-only analytics on indicators/training schemas,
scripts/window_edge/window_up_signal.py,research,quant-research,scripts/window_edge/window_up_signal.py,docs/research/research-catalog.md,python3 scripts/window_edge/window_up_signal.py,Read-only analytics on indicators/training schemas,
syn-final/scripts/backtest_codex.py,research,quant-research,syn-final/scripts/backtest_codex.py,docs/research/research-catalog.md,python3 syn-final/scripts/backtest_codex.py,Read-only analytics on indicators/training schemas,
syn-final/scripts/backtest_minimax_ob_oi.py,research,quant-research,syn-final/scripts/backtest_minimax_ob_oi.py,docs/research/research-catalog.md,python3 syn-final/scripts/backtest_minimax_ob_oi.py,Read-only analytics on indicators/training schemas,
syn-final/scripts/backtest_precision_dual_regime_gate.py,research,quant-research,syn-final/scripts/backtest_precision_dual_regime_gate.py,docs/research/research-catalog.md,python3 syn-final/scripts/backtest_precision_dual_regime_gate.py,Read-only analytics on indicators/training schemas,
syn-final/scripts/check_inputs_atr_normalized_reversal_pressure.py,ops,ops-reliability,syn-final/scripts/check_inputs_atr_normalized_reversal_pressure.py,docs/runbooks/indicator-pipeline-recovery.md,python3 syn-final/scripts/check_inputs_atr_normalized_reversal_pressure.py,See docs/runbooks/indicator-pipeline-recovery.md,
syn-final/scripts/check_inputs_codex.py,ops,ops-reliability,syn-final/scripts/check_inputs_codex.py,docs/runbooks/indicator-pipeline-recovery.md,python3 syn-final/scripts/check_inputs_codex.py,See docs/runbooks/indicator-pipeline-recovery.md,
syn-final/scripts/check_inputs_cvd_price_divergence_velocity.py,ops,ops-reliability,syn-final/scripts/check_inputs_cvd_price_divergence_velocity.py,docs/runbooks/indicator-pipeline-recovery.md,python3 syn-final/scripts/check_inputs_cvd_price_divergence_velocity.py,See docs/runbooks/indicator-pipeline-recovery.md,
syn-final/scripts/check_inputs_early_impulse_liquidity_alignment_2m.py,ops,ops-reliability,syn-final/scripts/check_inputs_early_impulse_liquidity_alignment_2m.py,docs/runbooks/indicator-pipeline-recovery.md,python3 syn-final/scripts/check_inputs_early_impulse_liquidity_alignment_2m.py,See docs/runbooks/indicator-pipeline-recovery.md,
syn-final/scripts/check_inputs_early_momentum_divergence_score.py,ops,ops-reliability,syn-final/scripts/check_inputs_early_momentum_divergence_score.py,docs/runbooks/indicator-pipeline-recovery.md,python3 syn-final/scripts/check_inputs_early_momentum_divergence_score.py,See docs/runbooks/indicator-pipeline-recovery.md,
syn-final/scripts/check_inputs_glm_1.py,ops,ops-reliability,syn-final/scripts/check_inputs_glm_1.py,docs/runbooks/indicator-pipeline-recovery.md,python3 syn-final/scripts/check_inputs_glm_1.py,See docs/runbooks/indicator-pipeline-recovery.md,
syn-final/scripts/check_inputs_glm_2.py,ops,ops-reliability,syn-final/scripts/check_inputs_glm_2.py,docs/runbooks/indicator-pipeline-recovery.md,python3 syn-final/scripts/check_inputs_glm_2.py,See docs/runbooks/indicator-pipeline-recovery.md,
syn-final/scripts/check_inputs_mtf_signed_efficiency_ratio.py,ops,ops-reliability,syn-final/scripts/check_inputs_mtf_signed_efficiency_ratio.py,docs/runbooks/indicator-pipeline-recovery.md,python3 syn-final/scripts/check_inputs_mtf_signed_efficiency_ratio.py,See docs/runbooks/indicator-pipeline-recovery.md,
syn-final/scripts/check_inputs_multitimeframe_trend_confluence.py,ops,ops-reliability,syn-final/scripts/check_inputs_multitimeframe_trend_confluence.py,docs/runbooks/indicator-pipeline-recovery.md,python3 syn-final/scripts/check_inputs_multitimeframe_trend_confluence.py,See docs/runbooks/indicator-pipeline-recovery.md,
syn-final/scripts/check_inputs_ob_imbalance_acceleration_3p.py,ops,ops-reliability,syn-final/scripts/check_inputs_ob_imbalance_acceleration_3p.py,docs/runbooks/indicator-pipeline-recovery.md,python3 syn-final/scripts/check_inputs_ob_imbalance_acceleration_3p.py,See docs/runbooks/indicator-pipeline-recovery.md,
syn-final/scripts/check_inputs_oi_funding_impulse_confirmation_2m.py,ops,ops-reliability,syn-final/scripts/check_inputs_oi_funding_impulse_confirmation_2m.py,docs/runbooks/indicator-pipeline-recovery.md,python3 syn-final/scripts/check_inputs_oi_funding_impulse_confirmation_2m.py,See docs/runbooks/indicator-pipeline-recovery.md,
syn-final/scripts/check_inputs_oi_price_divergence_4h.py,ops,ops-reliability,syn-final/scripts/check_inputs_oi_price_divergence_4h.py,docs/runbooks/indicator-pipeline-recovery.md,python3 syn-final/scripts/check_inputs_oi_price_divergence_4h.py,See docs/runbooks/indicator-pipeline-recovery.md,
syn-final/scripts/check_inputs_order_flow_acceleration_regime.py,ops,ops-reliability,syn-final/scripts/check_inputs_order_flow_acceleration_regime.py,docs/runbooks/indicator-pipeline-recovery.md,python3 syn-final/scripts/check_inputs_order_flow_acceleration_regime.py,See docs/runbooks/indicator-pipeline-recovery.md,
syn-final/scripts/check_inputs_precision_dual_regime_gate.py,ops,ops-reliability,syn-final/scripts/check_inputs_precision_dual_regime_gate.py,docs/runbooks/indicator-pipeline-recovery.md,python3 syn-final/scripts/check_inputs_precision_dual_regime_gate.py,See docs/runbooks/indicator-pipeline-recovery.md,
syn-final/scripts/check_inputs_rsi_velocity_5m.py,ops,ops-reliability,syn-final/scripts/check_inputs_rsi_velocity_5m.py,docs/runbooks/indicator-pipeline-recovery.md,python3 syn-final/scripts/check_inputs_rsi_velocity_5m.py,See docs/runbooks/indicator-pipeline-recovery.md,
syn-final/scripts/check_inputs_rsi_volatility_normalized_velocity.py,ops,ops-reliability,syn-final/scripts/check_inputs_rsi_volatility_normalized_velocity.py,docs/runbooks/indicator-pipeline-recovery.md,python3 syn-final/scripts/check_inputs_rsi_volatility_normalized_velocity.py,See docs/runbooks/indicator-pipeline-recovery.md,
syn-final/scripts/check_inputs_window_edge_57to01_nonrolling.py,ops,ops-reliability,syn-final/scripts/check_inputs_window_edge_57to01_nonrolling.py,docs/runbooks/indicator-pipeline-recovery.md,python3 syn-final/scripts/check_inputs_window_edge_57to01_nonrolling.py,See docs/runbooks/indicator-pipeline-recovery.md,
syn-final/scripts/engine.py,runtime,core-runtime,runtime/synthetic/engine.py,docs/runbooks/runtime-synthetic.md,python3 syn-final/scripts/engine.py --pairs BTC-USD ETH-USD,indicators.indicator_values; indicators.ohlcv_1m/5m/15m; indicators.order_book_indicators; indicators.oi_features,Compatibility wrapper forwarding to runtime/synthetic
syn-final/scripts/run_all_signal_producers.py,runtime,core-runtime,runtime/synthetic/run_all_signal_producers.py,docs/runbooks/runtime-synthetic.md,python3 syn-final/scripts/run_all_signal_producers.py,indicators.indicator_values; indicators.ohlcv_1m/5m/15m; indicators.order_book_indicators; indicators.oi_features,Compatibility wrapper forwarding to runtime/synthetic
syn/scripts/__init__.py,archive,archive-maintainer,syn/scripts/__init__.py,docs/architecture/repo-script-classification.md,,Legacy scripts; do not execute in production,Phase 1 retained for reference only
syn/scripts/check_inputs_atr_normalized_reversal_pressure.py,archive,archive-maintainer,syn/scripts/check_inputs_atr_normalized_reversal_pressure.py,docs/architecture/repo-script-classification.md,python3 syn/scripts/check_inputs_atr_normalized_reversal_pressure.py,Legacy scripts; do not execute in production,Phase 1 retained for reference only
syn/scripts/check_inputs_cvd_price_divergence_velocity.py,archive,archive-maintainer,syn/scripts/check_inputs_cvd_price_divergence_velocity.py,docs/architecture/repo-script-classification.md,python3 syn/scripts/check_inputs_cvd_price_divergence_velocity.py,Legacy scripts; do not execute in production,Phase 1 retained for reference only
syn/scripts/check_inputs_early_impulse_liquidity_alignment_2m.py,archive,archive-maintainer,syn/scripts/check_inputs_early_impulse_liquidity_alignment_2m.py,docs/architecture/repo-script-classification.md,python3 syn/scripts/check_inputs_early_impulse_liquidity_alignment_2m.py,Legacy scripts; do not execute in production,Phase 1 retained for reference only
syn/scripts/check_inputs_early_momentum_divergence_score.py,archive,archive-maintainer,syn/scripts/check_inputs_early_momentum_divergence_score.py,docs/architecture/repo-script-classification.md,python3 syn/scripts/check_inputs_early_momentum_divergence_score.py,Legacy scripts; do not execute in production,Phase 1 retained for reference only
syn/scripts/check_inputs_mtf_signed_efficiency_ratio.py,archive,archive-maintainer,syn/scripts/check_inputs_mtf_signed_efficiency_ratio.py,docs/architecture/repo-script-classification.md,python3 syn/scripts/check_inputs_mtf_signed_efficiency_ratio.py,Legacy scripts; do not execute in production,Phase 1 retained for reference only
syn/scripts/check_inputs_multitimeframe_trend_confluence.py,archive,archive-maintainer,syn/scripts/check_inputs_multitimeframe_trend_confluence.py,docs/architecture/repo-script-classification.md,python3 syn/scripts/check_inputs_multitimeframe_trend_confluence.py,Legacy scripts; do not execute in production,Phase 1 retained for reference only
syn/scripts/check_inputs_oi_funding_impulse_confirmation_2m.py,archive,archive-maintainer,syn/scripts/check_inputs_oi_funding_impulse_confirmation_2m.py,docs/architecture/repo-script-classification.md,python3 syn/scripts/check_inputs_oi_funding_impulse_confirmation_2m.py,Legacy scripts; do not execute in production,Phase 1 retained for reference only
syn/scripts/check_inputs_order_flow_acceleration_regime.py,archive,archive-maintainer,syn/scripts/check_inputs_order_flow_acceleration_regime.py,docs/architecture/repo-script-classification.md,python3 syn/scripts/check_inputs_order_flow_acceleration_regime.py,Legacy scripts; do not execute in production,Phase 1 retained for reference only
syn/scripts/check_inputs_rsi_velocity_5m.py,archive,archive-maintainer,syn/scripts/check_inputs_rsi_velocity_5m.py,docs/architecture/repo-script-classification.md,python3 syn/scripts/check_inputs_rsi_velocity_5m.py,Legacy scripts; do not execute in production,Phase 1 retained for reference only
syn/scripts/check_inputs_rsi_volatility_normalized_velocity.py,archive,archive-maintainer,syn/scripts/check_inputs_rsi_volatility_normalized_velocity.py,docs/architecture/repo-script-classification.md,python3 syn/scripts/check_inputs_rsi_volatility_normalized_velocity.py,Legacy scripts; do not execute in production,Phase 1 retained for reference only
syn/scripts/check_inputs_window_edge_57to01_nonrolling.py,archive,archive-maintainer,syn/scripts/check_inputs_window_edge_57to01_nonrolling.py,docs/architecture/repo-script-classification.md,python3 syn/scripts/check_inputs_window_edge_57to01_nonrolling.py,Legacy scripts; do not execute in production,Phase 1 retained for reference only
syn/scripts/engine.py,archive,archive-maintainer,syn/scripts/engine.py,docs/architecture/repo-script-classification.md,python3 syn/scripts/engine.py,Legacy scripts; do not execute in production,Phase 1 retained for reference only
syn/scripts/hardcoded_playground_core.py,archive,archive-maintainer,syn/scripts/hardcoded_playground_core.py,docs/architecture/repo-script-classification.md,python3 syn/scripts/hardcoded_playground_core.py,Legacy scripts; do not execute in production,Phase 1 retained for reference only
syn/scripts/run_all_input_checks.py,archive,archive-maintainer,syn/scripts/run_all_input_checks.py,docs/architecture/repo-script-classification.md,python3 syn/scripts/run_all_input_checks.py,Legacy scripts; do not execute in production,Phase 1 retained for reference only
syn/scripts/run_bucket_phases.py,archive,archive-maintainer,syn/scripts/run_bucket_phases.py,docs/architecture/repo-script-classification.md,python3 syn/scripts/run_bucket_phases.py,Legacy scripts; do not execute in production,Phase 1 retained for reference only
syn/scripts/run_now_executor.py,archive,archive-maintainer,syn/scripts/run_now_executor.py,docs/architecture/repo-script-classification.md,python3 syn/scripts/run_now_executor.py,Legacy scripts; do not execute in production,Phase 1 retained for reference only
